{
  "mb03_17sl":
    [
    0,
   0.6353,
   0.0706,
   0.7059,
   0.1412,
   0.7765,
   0.2118,
   0.8471,
   0.2824,
   0.9176,
   0.3529,
   0.9882,
   0.4235,
   1.0588,
   0.4941,
   1.12194,
   0.5647,
   0,
  0.6353,
  0.0706,
  0.7059,
  0.1412,
  0.7765,
  0.2118,
  0.8471,
  0.2824,
  0.9176,
  0.3529,
  0.9882,
  0.4235,
  1.0588,
  0.4941,
  1.12194,
  0.5647,
  0,
 0.6353,
 0.0706,
 0.7059,
 0.1412,
 0.7765,
 0.2118,
 0.8471,
 0.2824,
 0.9176,
 0.3529,
 0.9882,
 0.4235,
 1.0588,
 0.4941,
 1.12194,
 0.5647
  ],

  "mb06_60sl": [
  0.000000,
0.400000,
0.080000,
0.480000,
0.160000,
0.560000,
0.240000,
0.640000,
0.320000,
0.720000,
0.000000,
0.400000,
0.080000,
0.480000,
0.160000,
0.560000,
0.240000,
0.640000,
0.320000,
0.720000,
0.000000,
0.400000,
0.080000,
0.480000,
0.160000,
0.560000,
0.240000,
0.640000,
0.320000,
0.720000,
0.000000,
0.400000,
0.080000,
0.480000,
0.160000,
0.560000,
0.240000,
0.640000,
0.320000,
0.720000,
0.000000,
0.400000,
0.080000,
0.480000,
0.160000,
0.560000,
0.240000,
0.640000,
0.320000,
0.720000,
0.000000,
0.400000,
0.080000,
0.480000,
0.160000,
0.560000,
0.240000,
0.640000,
0.320000,
0.720000
  ]

}
